repClass	units	freq
A	12	102696
A	13	90578
A	14	80548
A	15	72031
A	16	61731
A	17	49890
A	18	40010
A	19	33828
A	20	28726
A	21	25364
A	22	23253
A	23	20426
A	24	17574
A	25	14471
A	26	11248
A	27	8854
A	28	7101
A	29	5425
A	30	3988
A	31	2543
A	32	1828
A	33	1377
A	34	1008
A	35	927
A	36	903
A	37	942
A	38	834
A	39	718
A	40	589
A	41	402
A	42	284
A	43	213
A	44	166
A	45	155
A	46	153
A	47	135
A	48	110
A	49	81
A	50	67
A	51	61
A	52	49
A	53	31
A	54	30
A	55	21
A	56	21
A	57	10
A	58	11
A	59	4
A	60	5
A	61	1
A	62	3
A	63	2
A	65	1
A	66	1
A	68	2
A	69	1
A	72	1
A	73	1
A	79	1
A	83	1
A	90	1
AAC	4	25354
AAC	5	11600
AAC	6	5275
AAC	7	2684
AAC	8	1345
AAC	9	694
AAC	10	422
AAC	11	249
AAC	12	150
AAC	13	129
AAC	14	77
AAC	15	55
AAC	16	23
AAC	17	9
AAC	18	2
AAG	4	11771
AAG	5	3589
AAG	6	1487
AAG	7	562
AAG	8	255
AAG	9	126
AAG	10	86
AAG	11	53
AAG	12	39
AAG	13	33
AAG	14	42
AAG	15	38
AAG	16	39
AAG	17	40
AAG	18	47
AAG	19	46
AAG	20	36
AAG	21	40
AAG	22	48
AAG	23	54
AAG	24	35
AAG	25	27
AAG	26	26
AAG	27	12
AAG	28	19
AAG	29	10
AAG	30	8
AAG	31	8
AAG	32	5
AAG	33	3
AAG	35	1
AAG	40	2
AAG	44	1
AAG	50	2
AAG	56	1
AAG	60	1
AAG	62	1
AAT	4	42690
AAT	5	13114
AAT	6	6163
AAT	7	2945
AAT	8	1502
AAT	9	951
AAT	10	712
AAT	11	604
AAT	12	573
AAT	13	591
AAT	14	591
AAT	15	428
AAT	16	231
AAT	17	105
AAT	18	31
AAT	19	7
AAT	20	1
AC	6	47632
AC	7	25337
AC	8	14479
AC	9	9949
AC	10	7880
AC	11	6911
AC	12	6578
AC	13	6220
AC	14	5762
AC	15	5498
AC	16	5439
AC	17	5243
AC	18	4721
AC	19	4297
AC	20	4032
AC	21	3482
AC	22	2838
AC	23	2307
AC	24	1628
AC	25	1049
AC	26	625
AC	27	400
AC	28	229
AC	29	142
AC	30	102
AC	31	65
AC	32	31
AC	33	32
AC	34	14
AC	35	10
AC	36	9
AC	37	3
AC	38	3
AC	39	1
AC	40	2
AC	41	2
AC	43	1
AC	48	1
AC	49	2
AC	55	1
AC	58	1
AC	60	1
AC	61	1
ACC	4	9799
ACC	5	2503
ACC	6	849
ACC	7	399
ACC	8	229
ACC	9	114
ACC	10	66
ACC	11	27
ACC	12	17
ACC	13	18
ACC	14	21
ACC	15	16
ACC	16	7
ACC	17	7
ACC	18	5
ACC	19	1
ACC	20	1
ACC	21	1
ACC	22	1
ACC	24	1
ACC	25	1
ACC	29	1
ACC	30	1
ACC	31	1
ACC	43	1
ACC	44	1
ACC	210	1
ACG	4	90
ACG	5	29
ACG	6	20
ACG	7	4
ACG	8	1
ACG	9	1
ACG	10	1
ACG	14	1
ACG	17	1
ACT	4	1772
ACT	5	418
ACT	6	144
ACT	7	67
ACT	8	16
ACT	9	21
ACT	10	13
ACT	11	11
ACT	12	10
ACT	13	11
ACT	14	11
ACT	15	12
ACT	16	9
ACT	17	7
ACT	18	4
ACT	19	3
AG	6	29993
AG	7	16655
AG	8	9601
AG	9	5889
AG	10	3728
AG	11	2577
AG	12	1841
AG	13	1336
AG	14	1165
AG	15	892
AG	16	691
AG	17	568
AG	18	493
AG	19	460
AG	20	325
AG	21	318
AG	22	265
AG	23	207
AG	24	161
AG	25	146
AG	26	116
AG	27	89
AG	28	48
AG	29	58
AG	30	29
AG	31	29
AG	32	20
AG	33	12
AG	34	15
AG	35	6
AG	36	3
AG	37	3
AG	38	2
AG	39	5
AG	41	2
AG	44	2
AG	47	1
AG	48	1
AG	49	1
AG	53	1
AG	54	1
AG	59	1
AG	67	1
AGC	4	7941
AGC	5	1622
AGC	6	603
AGC	7	333
AGC	8	157
AGC	9	60
AGC	10	57
AGC	11	24
AGC	12	24
AGC	13	16
AGC	14	10
AGC	15	7
AGC	16	6
AGC	17	4
AGC	18	1
AGC	19	4
AGC	20	2
AGC	21	4
AGC	23	1
AGC	25	1
AGG	4	16712
AGG	5	4009
AGG	6	1398
AGG	7	557
AGG	8	254
AGG	9	142
AGG	10	72
AGG	11	39
AGG	12	34
AGG	13	26
AGG	14	13
AGG	15	11
AGG	16	9
AGG	17	5
AGG	18	4
AGG	19	4
AGG	20	2
AGG	21	2
AGG	22	2
AGG	23	1
AGG	24	1
AGG	27	1
AGG	28	1
AGG	29	1
AT	6	36913
AT	7	18707
AT	8	10051
AT	9	6196
AT	10	4130
AT	11	3036
AT	12	2254
AT	13	1847
AT	14	1456
AT	15	1236
AT	16	1085
AT	17	939
AT	18	798
AT	19	787
AT	20	804
AT	21	888
AT	22	986
AT	23	735
AT	24	569
AT	25	455
AT	26	357
AT	27	270
AT	28	208
AT	29	136
AT	30	106
AT	31	71
AT	32	39
AT	33	27
AT	34	10
AT	35	6
AT	36	12
AT	37	6
AT	38	2
AT	39	2
AT	40	3
AT	41	1
AT	42	2
AT	44	1
AT	47	1
AT	51	1
AT	62	1
AT	83	1
AT	248	1
AT	300	1
ATC	4	7620
ATC	5	2122
ATC	6	916
ATC	7	467
ATC	8	245
ATC	9	178
ATC	10	116
ATC	11	81
ATC	12	71
ATC	13	84
ATC	14	54
ATC	15	35
ATC	16	21
ATC	17	8
ATC	21	1
ATC	28	1
ATC	32	1
ATC	40	1
ATC	56	1
ATC	79	1
ATC	123	1
C	12	1471
C	13	871
C	14	492
C	15	270
C	16	168
C	17	118
C	18	72
C	19	49
C	20	27
C	21	23
C	22	8
C	23	9
C	24	9
C	25	3
C	26	1
C	27	6
C	28	1
C	29	6
C	30	2
C	31	1
C	39	1
C	49	1
C	70	1
C	81	1
CCG	4	3072
CCG	5	1147
CCG	6	620
CCG	7	295
CCG	8	161
CCG	9	83
CCG	10	49
CCG	11	33
CCG	12	15
CCG	13	9
CCG	14	4
CCG	15	4
CCG	16	3
CCG	17	2
CCG	18	1
CCG	19	1
CCG	23	1
CG	6	518
CG	7	237
CG	8	148
CG	9	89
CG	10	26
CG	11	14
CG	12	11
CG	13	4
CG	14	1
